{
  "accuracy": [
    0.9359999895095825,
    0.9940000176429749,
    1.0,
    0.9990000128746033,
    0.996999979019165,
    0.9990000128746033,
    0.9990000128746033,
    1.0,
    1.0,
    1.0,
    1.0,
    1.0,
    1.0,
    0.9990000128746033,
    1.0,
    1.0,
    1.0,
    1.0,
    0.9990000128746033,
    1.0,
    1.0,
    1.0,
    1.0,
    1.0,
    1.0,
    1.0
  ],
  "auc": [
    0.9904419779777527,
    0.9997819662094116,
    1.0,
    0.9999959468841553,
    0.9999880194664001,
    0.9999999403953552,
    1.0,
    0.9999999403953552,
    0.9999999403953552,
    1.0,
    0.9999999403953552,
    0.9999999403953552,
    0.9999999403953552,
    1.0,
    1.0,
    0.9999999403953552,
    1.0,
    1.0,
    0.9999999403953552,
    1.0,
    0.9999999403953552,
    1.0,
    1.0,
    1.0,
    1.0,
    1.0
  ],
  "loss": [
    0.1538141518831253,
    0.02216496504843235,
    0.0069586168974637985,
    0.008795172907412052,
    0.008483650162816048,
    0.005425818730145693,
    0.0028864454943686724,
    0.0021378404926508665,
    0.0025776440743356943,
    0.0025664912536740303,
    0.0025007552467286587,
    0.00134106888435781,
    0.002048866357654333,
    0.0019486229866743088,
    0.001347119570709765,
    0.0009669174905866385,
    0.0009587099775671959,
    0.0008383085951209068,
    0.0016502983635291457,
    0.001438054023310542,
    0.0006710941670462489,
    0.00039629574166610837,
    0.0005012162728235126,
    0.0005962200229987502,
    0.0006254895706661046,
    0.0007630831096321344
  ],
  "val_accuracy": [
    0.9950000047683716,
    1.0,
    1.0,
    1.0,
    1.0,
    1.0,
    1.0,
    1.0,
    1.0,
    1.0,
    1.0,
    1.0,
    1.0,
    1.0,
    1.0,
    1.0,
    1.0,
    1.0,
    1.0,
    1.0,
    1.0,
    1.0,
    1.0,
    1.0,
    1.0,
    1.0
  ],
  "val_auc": [
    1.0,
    1.0,
    1.0,
    1.0,
    1.0,
    1.0,
    1.0,
    1.0,
    0.9999999403953552,
    0.9999999403953552,
    0.9999999403953552,
    1.0,
    1.0,
    1.0,
    1.0,
    1.0,
    1.0,
    1.0,
    0.9999999403953552,
    1.0,
    1.0,
    1.0,
    1.0,
    1.0,
    1.0,
    1.0
  ],
  "val_loss": [
    0.04191349819302559,
    0.016907071694731712,
    0.0143830431625247,
    0.007528034504503012,
    0.004687380511313677,
    0.007490038406103849,
    0.0035337936133146286,
    0.0020570987835526466,
    0.004433838650584221,
    0.0018095795530825853,
    0.0024381272960454226,
    0.002786613069474697,
    0.0019286773167550564,
    0.0011311483103781939,
    0.001069111400283873,
    0.0010131025919690728,
    0.0013248835457488894,
    0.0007596259820275009,
    0.0006448251660913229,
    0.0006659782957285643,
    0.0005377538036555052,
    0.0006468266365118325,
    0.0007482000510208309,
    0.0009871824877336621,
    0.0006942129111848772,
    0.0005889092572033405
  ],
  "learning_rate": [
    0.0010000000474974513,
    0.0010000000474974513,
    0.0010000000474974513,
    0.0010000000474974513,
    0.0010000000474974513,
    0.0010000000474974513,
    0.0010000000474974513,
    0.0010000000474974513,
    0.0010000000474974513,
    0.0010000000474974513,
    0.0010000000474974513,
    0.0010000000474974513,
    0.0010000000474974513,
    0.0005000000237487257,
    0.0005000000237487257,
    0.0005000000237487257,
    0.0005000000237487257,
    0.0005000000237487257,
    0.0005000000237487257,
    0.0005000000237487257,
    0.0005000000237487257,
    0.0005000000237487257,
    0.0005000000237487257,
    0.0005000000237487257,
    0.0002500000118743628,
    0.0002500000118743628
  ]
}