{
  "accuracyTop1": 0.7142857142857143,
  "accuracyTop3": 0.7857142857142857,
  "accuracyTop5": 0.7857142857142857,
  "precisionMacro": 0.07916666666666666,
  "precisionWeighted": 0.9047619047619048,
  "recallMacro": 0.0625,
  "recallWeighted": 0.7142857142857143,
  "macroF1": 0.06749999999999999,
  "weightedF1": 0.7714285714285715,
  "testRows": 14
}