{
  "accuracyTop1": 0.5,
  "accuracyTop3": 0.6875,
  "accuracyTop5": 0.75,
  "precisionMacro": 0.075,
  "precisionWeighted": 0.8125,
  "recallMacro": 0.04791666666666667,
  "recallWeighted": 0.5,
  "macroF1": 0.05625,
  "weightedF1": 0.59375,
  "testRows": 16
}