{
  "accuracyTop1": 0.5128205128205128,
  "accuracyTop3": 0.6666666666666666,
  "accuracyTop5": 0.7435897435897436,
  "precisionMacro": 0.14739583333333334,
  "precisionWeighted": 0.7756410256410257,
  "recallMacro": 0.1025,
  "recallWeighted": 0.5128205128205128,
  "macroF1": 0.11416666666666667,
  "weightedF1": 0.5777777777777778,
  "testRows": 39
}