{
  "accuracyTop1": 0.5671641791044776,
  "accuracyTop3": 0.6417910447761194,
  "accuracyTop5": 0.6716417910447762,
  "precisionMacro": 0.1608455882352941,
  "precisionWeighted": 0.932396839332748,
  "recallMacro": 0.103125,
  "recallWeighted": 0.5671641791044776,
  "macroF1": 0.11729166666666666,
  "weightedF1": 0.6617626154939589,
  "testRows": 67
}