{
  "accuracyTop1": 0.6326530612244898,
  "accuracyTop3": 0.6938775510204082,
  "accuracyTop5": 0.7346938775510204,
  "precisionMacro": 0.17678571428571427,
  "precisionWeighted": 0.9300291545189504,
  "recallMacro": 0.11937500000000001,
  "recallWeighted": 0.6326530612244898,
  "macroF1": 0.13814574314574316,
  "weightedF1": 0.731201225078776,
  "testRows": 49
}