{
  "accuracyTop1": 0.86,
  "accuracyTop3": 0.98,
  "accuracyTop5": 0.98,
  "precisionMacro": 0.29166666666666663,
  "precisionWeighted": 0.8033333333333332,
  "recallMacro": 0.3145833333333333,
  "recallWeighted": 0.86,
  "macroF1": 0.29934523809523805,
  "weightedF1": 0.8215238095238093,
  "testRows": 50
}