{
  "algorithm": "LinearSVC",
  "trainedAt": "2026-04-28T22:16:04.745618+00:00",
  "cv_accuracy": 0.9996365838885524,
  "n_train_samples": 8255,
  "n_base_samples": 4025,
  "n_optional_difficult_samples": 135,
  "n_noisy_augmented_samples": 4095,
  "n_labels": 80,
  "feature_extractor": "tfidf_word_char_hybrid",
  "tuning": {
    "best_params": {
      "C": 0.5
    },
    "best_cv_score": 0.9989098837209301,
    "cv_results": {
      "params": [
        {
          "C": 0.5
        },
        {
          "C": 1.0
        },
        {
          "C": 2.0
        }
      ],
      "mean_test_score": [
        0.9989098837209301,
        0.9989098837209301,
        0.9989098837209301
      ],
      "std_test_score": [
        0.0015416572264241746,
        0.0015416572264241746,
        0.0015416572264241746
      ]
    }
  }
}