{
  "algorithm": "LinearSVC",
  "trainedAt": "2026-05-13T10:24:16.970597+00:00",
  "cv_accuracy": 0.9993943064809206,
  "n_train_samples": 8255,
  "n_base_samples": 4025,
  "n_optional_difficult_samples": 135,
  "n_noisy_augmented_samples": 4095,
  "n_labels": 80,
  "feature_extractor": "tfidf_word_char_hybrid",
  "tuning": {
    "best_params": {
      "C": 1.0
    },
    "best_cv_score": 0.9992732558139535,
    "cv_results": {
      "params": [
        {
          "C": 0.5
        },
        {
          "C": 1.0
        },
        {
          "C": 2.0
        }
      ],
      "mean_test_score": [
        0.9991521317829458,
        0.9992732558139535,
        0.9992732558139535
      ],
      "std_test_score": [
        0.0011990667316632236,
        0.0010277714842827483,
        0.0010277714842827483
      ]
    }
  }
}