{
  "algorithm": "LinearSVC",
  "trainedAt": "2026-03-09T15:44:44.347438+00:00",
  "cv_accuracy": 0.9610920001528876,
  "n_train_samples": 1619,
  "n_labels": 80,
  "tuning": {
    "best_params": {
      "C": 0.5
    },
    "best_cv_score": 0.9363132458370553,
    "cv_results": {
      "params": [
        {
          "C": 0.3
        },
        {
          "C": 0.5
        },
        {
          "C": 1.0
        },
        {
          "C": 2.0
        }
      ],
      "mean_test_score": [
        0.9350786779358208,
        0.9363132458370553,
        0.9326049611763897,
        0.9313681027966743
      ],
      "std_test_score": [
        0.07611415008053048,
        0.07697210145878436,
        0.07961185385572803,
        0.08136072702592306
      ]
    }
  }
}